<appaction uniquename="tra__InterviewScript1!351fdc9d94334a45bbcbd0e219bdaa77!msdynce_saleshub!lead!0">
  <appmoduleid>
    <uniquename>msdynce_saleshub</uniquename>
  </appmoduleid>
  <buttonlabeltext default="Section 1">
    <label description="Section 1" languagecode="1033" />
  </buttonlabeltext>
  <context>1</context>
  <contextentity>
    <logicalname>lead</logicalname>
  </contextentity>
  <contextvalue>lead</contextvalue>
  <fonticon>ConvertKnowledgeArticle</fonticon>
  <hidden>0</hidden>
  <iscustomizable>1</iscustomizable>
  <isdisabled>0</isdisabled>
  <isgrouptitlehidden>0</isgrouptitlehidden>
  <location>0</location>
  <name>InterviewScript1!351fdc9d94334a45bbcbd0e219bdaa77</name>
  <onclickeventjavascriptfunctionname>CrmJS.TRALead.RB_InterviewScripts_OnClick</onclickeventjavascriptfunctionname>
  <onclickeventjavascriptparameters>[{"type":5},{"type":19,"value":1}]</onclickeventjavascriptparameters>
  <onclickeventjavascriptwebresourceid>
    <webresourceid>3a77e2d9-eaba-ef11-b8e8-00224828b785</webresourceid>
  </onclickeventjavascriptwebresourceid>
  <onclickeventtype>2</onclickeventtype>
  <origin>0</origin>
  <parentappactionid>
    <uniquename>tra__NewGroup!f9165f286d144f33a7daf1ab85a1cc7b!msdynce_saleshub!lead!0</uniquename>
  </parentappactionid>
  <sequence>10000.0000000000</sequence>
  <statecode>0</statecode>
  <statuscode>1</statuscode>
  <type>0</type>
  <visibilitytype>0</visibilitytype>
</appaction>