<appaction uniquename="tra__Approve!bb45ccecc5f04f8d83a396fe69c5a1ca!msdynce_saleshub!opportunity!0">
  <appmoduleid>
    <uniquename>msdynce_saleshub</uniquename>
  </appmoduleid>
  <buttonlabeltext default="Approve">
    <label description="Approve" languagecode="1033" />
  </buttonlabeltext>
  <context>1</context>
  <contextentity>
    <logicalname>opportunity</logicalname>
  </contextentity>
  <contextvalue>opportunity</contextvalue>
  <fonticon>$clientsvg:Accept</fonticon>
  <hidden>0</hidden>
  <iconwebresourceid>
    <webresourceid>5b43ceda-4120-f011-998a-0022482c89ef</webresourceid>
  </iconwebresourceid>
  <iscustomizable>1</iscustomizable>
  <isdisabled>0</isdisabled>
  <isgrouptitlehidden>0</isgrouptitlehidden>
  <location>0</location>
  <name>Approve!bb45ccecc5f04f8d83a396fe69c5a1ca</name>
  <onclickeventjavascriptfunctionname>CrmJS.TRAOpportunity.OnApproval</onclickeventjavascriptfunctionname>
  <onclickeventjavascriptparameters>[{"type":5}]</onclickeventjavascriptparameters>
  <onclickeventjavascriptwebresourceid>
    <webresourceid>fd6100b1-a6bf-ef11-b8e8-7c1e5248511a</webresourceid>
  </onclickeventjavascriptwebresourceid>
  <onclickeventtype>2</onclickeventtype>
  <origin>0</origin>
  <sequence>100100046.5000000000</sequence>
  <statecode>0</statecode>
  <statuscode>1</statuscode>
  <type>0</type>
  <visibilityformulacomponentlibraryid>
    <name>tra_saleshubdefaultcommandlibrary_41da1</name>
  </visibilityformulacomponentlibraryid>
  <visibilityformulacomponentname>bc60638cdf8745ab8dd3ddbdb3db1231</visibilityformulacomponentname>
  <visibilityformulafunctionname>Visible</visibilityformulafunctionname>
  <visibilitytype>1</visibilitytype>
</appaction>