<appaction uniquename="tra__InterviewScript!50b487a5e30d48ee9a61a249d379f8f9!msdynce_saleshub!lead!0">
  <appmoduleid>
    <uniquename>msdynce_saleshub</uniquename>
  </appmoduleid>
  <buttonlabeltext default="Interview Script">
    <label description="Interview Script" languagecode="1033" />
  </buttonlabeltext>
  <context>1</context>
  <contextentity>
    <logicalname>lead</logicalname>
  </contextentity>
  <contextvalue>lead</contextvalue>
  <fonticon>ConvertKnowledgeArticle</fonticon>
  <hidden>1</hidden>
  <iscustomizable>1</iscustomizable>
  <isdisabled>0</isdisabled>
  <isgrouptitlehidden>0</isgrouptitlehidden>
  <location>0</location>
  <name>InterviewScript!50b487a5e30d48ee9a61a249d379f8f9</name>
  <onclickeventjavascriptfunctionname>CrmJS.LeadFunctions.RB_InterviewScripts_OnClick</onclickeventjavascriptfunctionname>
  <onclickeventjavascriptparameters>[{"type":5}]</onclickeventjavascriptparameters>
  <onclickeventjavascriptwebresourceid>
    <webresourceid>3a77e2d9-eaba-ef11-b8e8-00224828b785</webresourceid>
  </onclickeventjavascriptwebresourceid>
  <onclickeventtype>2</onclickeventtype>
  <origin>0</origin>
  <sequence>100100018.7500000000</sequence>
  <statecode>0</statecode>
  <statuscode>1</statuscode>
  <type>0</type>
  <visibilitytype>0</visibilitytype>
</appaction>