<environmentvariabledefinition schemaname="tra_defaulttaxinvestigationproductname">
  <defaultvalue>Tax Investigation</defaultvalue>
  <displayname default="Default Tax Investigation Product Name">
    <label description="Default Tax Investigation Product Name" languagecode="1033" />
  </displayname>
  <introducedversion>1.0.0.0</introducedversion>
  <iscustomizable>1</iscustomizable>
  <isrequired>0</isrequired>
  <secretstore>0</secretstore>
  <type>100000000</type>
</environmentvariabledefinition>